<?xml version="1.0" encoding="UTF-8" ?>
<XMLDB PATH="mod/spams/db" VERSION="2018090900" COMMENT="XMLDB file for Moodle mod/spams"
    xmlns:xsi="http://www.w3.org/2001/XMLSchema-instance"
    xsi:noNamespaceSchemaLocation="../../../lib/xmldb/xmldb.xsd"
>
  <TABLES>
    <TABLE NAME="spams" COMMENT="Default comment for spams, please edit me">
      <FIELDS>
        <FIELD NAME="id" TYPE="int" LENGTH="10" NOTNULL="true" UNSIGNED="true" SEQUENCE="true"/>
        <FIELD NAME="course" TYPE="int" LENGTH="10" NOTNULL="true" UNSIGNED="true" SEQUENCE="false" COMMENT="Course spams activity belongs to"/>
        <FIELD NAME="name" TYPE="char" LENGTH="255" NOTNULL="true" SEQUENCE="false" COMMENT="name field for moodle instances"/>
        <FIELD NAME="intro" TYPE="text" NOTNULL="true" SEQUENCE="false" COMMENT="General introduction of the spams activity"/>
        <FIELD NAME="introformat" TYPE="int" LENGTH="4" NOTNULL="true" UNSIGNED="true" DEFAULT="0" SEQUENCE="false" COMMENT="Format of the intro field (MOODLE, HTML, MARKDOWN...)"/>
        <FIELD NAME="timecreated" TYPE="int" LENGTH="10" NOTNULL="true" UNSIGNED="true" SEQUENCE="false"/>
        <FIELD NAME="timemodified" TYPE="int" LENGTH="10" NOTNULL="true" UNSIGNED="true" DEFAULT="0" SEQUENCE="false"/>
        <FIELD NAME="grade" TYPE="int" LENGTH="10" NOTNULL="true" DEFAULT="100" SEQUENCE="false" COMMENT="The maximum grade. Can be negative to indicate the use of a scale."/>
      </FIELDS>
      <KEYS>
        <KEY NAME="primary" TYPE="primary" FIELDS="id"/>
      </KEYS>
      <INDEXES>
        <INDEX NAME="course" UNIQUE="false" FIELDS="course"/>
      </INDEXES>
    </TABLE>
    <TABLE NAME="spams_studenthassupervisor" COMMENT="Relation between Student, Supervisor and PA">
      <FIELDS>
        <FIELD NAME="studentid" TYPE="int" LENGTH="10" NOTNULL="true" UNSIGNED="true" SEQUENCE="false"/>
        <FIELD NAME="supervisorid" TYPE="int" LENGTH="10" NOTNULL="true" UNSIGNED="true" SEQUENCE="false"/>
        <FIELD NAME="assignmentid" TYPE="int" LENGTH="10" NOTNULL="true" UNSIGNED="true" SEQUENCE="false"/>
      </FIELDS>
      <KEYS>
        <KEY NAME="primary" TYPE="primary" FIELDS="studentid, assignmentid"/>
      </KEYS>
    </TABLE>
    <TABLE NAME="spams_studenthascorpsup" COMMENT="Relation between Student, corporate supervisor and PA">
      <FIELDS>
        <FIELD NAME="studentid" TYPE="int" LENGTH="10" NOTNULL="true" UNSIGNED="true" SEQUENCE="false"/>
        <FIELD NAME="assignmentid" TYPE="int" LENGTH="10" NOTNULL="true" UNSIGNED="true" SEQUENCE="false"/>
        <FIELD NAME="cpsupervisorfirst" TYPE="char" LENGTH="255" NOTNULL="true" SEQUENCE="false"/>
        <FIELD NAME="cpsupervisorlast" TYPE="char" LENGTH="255" NOTNULL="true" SEQUENCE="false"/>
        <FIELD NAME="cpsupervisormail" TYPE="char" LENGTH="255" NOTNULL="true" SEQUENCE="false"/>
        <FIELD NAME="cpsupervisortoken" TYPE="char" LENGTH="255" NOTNULL="true" SEQUENCE="false"/>
        <FIELD NAME="cpsupervisortokenvalid" TYPE="char" LENGTH="1" NOTNULL="true" SEQUENCE="false"/>
      </FIELDS>
      <KEYS>
        <KEY NAME="primary" TYPE="primary" FIELDS="studentid, assignmentid"/>
      </KEYS>
    </TABLE>
  </TABLES>
</XMLDB>
